model,model_load_time,mean_answer_time,source,name
gpt-oss-120b,,0.6080201589144193,api,gpt-oss
llama-4-maverick-17b-128e-instruct,,0.30079100682185245,api,llama-4
qwen-3-235b-a22b-instruct-2507,,0.6006899430201604,api,qwen-3
google/gemma-3-270m-it,2.0777580738067627,2.161632647881141,local,gemma-3
Qwen/Qwen2.5-0.5B-Instruct,0.9311420917510986,1.8575173157912035,local,qwen-2.5
meta-llama/Llama-3.2-1B-Instruct,1.096358060836792,1.2035001608041616,local,llama-3.2
