model,model_load_time,mean_answer_time,source,name
google/gemma-3-270m-it,2.067392349243164,2.6153846153846154,local,gemma-3
Qwen/Qwen2.5-0.5B-Instruct,0.8136260509490967,8.153846153846153,local,qwen-2.5
meta-llama/Llama-3.2-1B-Instruct,10.8738534450531,24.076923076923077,local,llama-3.2
gpt-oss-120b,,1.235020032295814,api,gpt-oss
llama-4-maverick-17b-128e-instruct,,0.4404634695786696,api,llama-4
qwen-3-235b-a22b-instruct-2507,,0.562821259865394,api,qwen-3
