{
    "vits": [
        1.9677972793579102,
        0.48644542694091797,
        0.6642379760742188,
        0.46229982376098633,
        0.44286131858825684,
        0.6713852882385254,
        0.46228504180908203,
        0.41735124588012695,
        0.49552392959594727,
        0.5973870754241943,
        0.7065043449401855,
        0.5087823867797852,
        0.4593038558959961,
        0.44315266609191895,
        0.44246411323547363
    ],
    "speech_t5": [
        2.292689561843872,
        1.6735467910766602,
        2.0272021293640137,
        1.9832406044006348,
        1.7068078517913818,
        1.558779239654541,
        2.1942408084869385,
        1.7587883472442627,
        1.9688901901245117,
        1.7202329635620117,
        1.7985408306121826,
        2.253340005874634,
        1.5390245914459229,
        1.6418366432189941,
        1.9545493125915527
    ],
    "parler": [
        12.877440929412842,
        13.312597274780273,
        14.2021005153656,
        14.177908420562744,
        13.291822671890259,
        12.337177515029907,
        16.67925214767456,
        12.99654769897461,
        16.677916288375854,
        13.660380363464355,
        15.475663661956787,
        13.80686068534851,
        11.149096488952637,
        11.260225296020508,
        13.085766077041626
    ],
    "bark_lg": [
        8.104800462722778,
        18.534144401550293,
        8.607442140579224,
        13.889798402786255,
        9.991368293762207,
        18.141583681106567,
        32.85286593437195,
        9.233800172805786,
        31.299180269241333,
        11.148154497146606,
        10.0939302444458,
        12.44520115852356,
        8.695578813552856,
        8.641634464263916,
        11.54874062538147
    ],
    "gtts": [
        0.18373346328735352,
        0.09599542617797852,
        0.15868043899536133,
        0.14017701148986816,
        0.18700075149536133,
        0.11481142044067383,
        0.1326155662536621,
        0.10520768165588379,
        0.2359926700592041,
        0.1727619171142578,
        0.16354894638061523,
        0.12961030006408691,
        0.09947443008422852,
        0.17096424102783203,
        0.07895112037658691
    ],
    "bark": [
        3.940916061401367,
        5.386507987976074,
        5.4488279819488525,
        9.22191834449768,
        5.989556789398193,
        3.8537869453430176,
        9.570614576339722,
        4.295228719711304,
        17.19642472267151,
        8.084731101989746,
        6.744398593902588,
        15.641530990600586,
        3.6251862049102783,
        4.349008560180664,
        6.369749307632446
    ]
}