,distil-large-v3.5,distil-large-v3.5,distil-large-v3.5,whisper-small,whisper-small,whisper-small,whisper-tiny,whisper-tiny,whisper-tiny
,fleurs,librispeech,local,fleurs,librispeech,local,fleurs,librispeech,local
avg_wer,1.1177547628612767,0.024446643843388752,0.004160887656033285,0.23335061329368859,0.039883660603947,0.005547850208044381,0.5613145113698402,0.07253816858398257,0.01752196024040684
avg_rtf,0.025927290183571487,0.040920810111609064,0.06132899321450935,0.04860120933797719,0.05398574198602177,0.05728413277324876,0.022400521036981723,0.02240915354008158,0.02525428399395239
avg_cpu,0.025927290183571487,0.040920810111609064,0.06132899321450935,0.04860120933797719,0.05398574198602177,0.05728413277324876,0.022400521036981723,0.02240915354008158,0.02525428399395239
