,distil-large-v3-ct2,distil-large-v3-ct2,distil-large-v3-ct2,medium,medium,medium,small,small,small
,fleurs,librispeech,local,fleurs,librispeech,local,fleurs,librispeech,local
avg_wer,1.0792960093258976,0.027649640952545313,0.004160887656033285,0.1347058481405104,0.03368014774357446,0.005547850208044381,0.23327596664685246,0.04241755967896218,0.007489597780859916
avg_rtf,0.058060225429875635,0.12043212794213302,0.21931552029187798,0.033256343733258205,0.048768863709566554,0.06453395319160923,0.02227759826070582,0.025364503827345647,0.031731947973065756
avg_cpu,0.058060225429875635,0.12043212794213302,0.21931552029187798,0.033256343733258205,0.048768863709566554,0.06453395319160923,0.02227759826070582,0.025364503827345647,0.031731947973065756
