,distil-large-v3-ct2,distil-large-v3-ct2,distil-large-v3-ct2,medium,medium,medium,small,small,small
,fleurs,librispeech,local,fleurs,librispeech,local,fleurs,librispeech,local
avg_wer,1.0615570474896536,0.02724258967049403,0.004160887656033285,0.1317879661841743,0.03898599880740424,0.005547850208044381,0.23382440539342944,0.040597932142521935,0.007489597780859916
avg_rtf,0.03133417094094453,0.043185721320191675,0.07957797840045358,0.031356167568944805,0.04494116002719726,0.06027116843318021,0.02157107446545922,0.024433058441106863,0.031078869456319276
avg_cpu,0.03133417094094453,0.043185721320191675,0.07957797840045358,0.031356167568944805,0.04494116002719726,0.06027116843318021,0.02157107446545922,0.024433058441106863,0.031078869456319276
