,distil-large-v2,distil-large-v2,distil-large-v2,distil-large-v3.5,distil-large-v3.5,distil-large-v3.5,whisper-base,whisper-base,whisper-base,whisper-large-v3-turbo,whisper-large-v3-turbo,whisper-large-v3-turbo,whisper-medium,whisper-medium,whisper-medium,whisper-small,whisper-small,whisper-small,whisper-tiny,whisper-tiny,whisper-tiny,whisper-tiny.en,whisper-tiny.en,whisper-tiny.en
,fleurs,librispeech,local,fleurs,librispeech,local,fleurs,librispeech,local,fleurs,librispeech,local,fleurs,librispeech,local,fleurs,librispeech,local,fleurs,librispeech,local,fleurs,librispeech,local
avg_wer,1.0546057852231638,0.030930142184592356,0.005779010633379563,1.1177547628612767,0.024446643843388752,0.004160887656033285,0.43532237617356573,0.0476727740515607,0.018816458622283865,0.08356889177964995,0.022562146276432694,0.004392048081368468,0.1336338940227705,0.03072005558291909,0.005547850208044381,0.23335061329368859,0.039883660603947,0.005547850208044381,0.5613145113698402,0.07253816858398257,0.01752196024040684,6.806947491273759,0.05473794371941227,0.012343966712898752
avg_rtf,1.1646500481649753,2.100002633001271,3.491610296147592,1.1671004491812578,2.04989776321228,3.4509039839923803,0.44927424509536307,0.516649753875142,0.6968263866591303,2.219244496402161,4.065873750036877,6.895355341622393,3.3768036887563526,4.733922230741783,6.532167476060236,1.198858983461642,1.5723437127092463,2.0199120373451387,0.23459298816372326,0.2684758152026557,0.32583741968774155,0.8537933680488805,0.22269565235575306,0.2512180120095673
avg_cpu,1.1646500481649753,2.100002633001271,3.491610296147592,1.1671004491812578,2.04989776321228,3.4509039839923803,0.44927424509536307,0.516649753875142,0.6968263866591303,2.219244496402161,4.065873750036877,6.895355341622393,3.3768036887563526,4.733922230741783,6.532167476060236,1.198858983461642,1.5723437127092463,2.0199120373451387,0.23459298816372326,0.2684758152026557,0.32583741968774155,0.8537933680488805,0.22269565235575306,0.2512180120095673
